epoch,train_loss,val_loss,lr
1,12.94744276218727,15.816493440318752,0.00019877498988921623
