epoch,train_loss,val_loss,lr,mAP_50,mAP_75,mAP_50_95
1,12.78500241138896,16.68517295937789,0.00019877498988921623,1e-12,1e-12,1e-12
